,,,,,,,,,,,,,
,Supplier Outreach CRM,,,,,,,,,,,,
,Total Suppliers,Closed,Pending Reply,,,,,,,,,,
,100,0,2,,,,,,,,,,
,,,,,,,,,,,,,
,Suppliers/Brands,Niche,Best Seller,Rank,Supplier URL,Main Contact,Main Email,Phone,,Apply Online,Status,Next Step,Notes
,ClearSpan,"Fabric, Metal & Hybrid Buildings",Greenhouses,,https://www.clearspan.com/,,trussinquiry@clearspan.com,(866) 643-1010,,,Not Contacted,Find Contact,
,HomeStead Implements,Tractors & Attachments,,Gold,https://www.homesteadimplements.com/,,,833.625.0635,,https://www.homesteadimplements.com/become-a-dealer,Not Contacted,Find Contact,
,Ignite Attatchments,Tractors & Attachments,,Gold,https://igniteattachments.com/,,support@igniteattachments.com,888-232-1988,,https://igniteattachments.com/become-a-reseller,Not Contacted,Find Contact,
,Fleming Agr,Agricultural Attachments Trucks,,Bronze,https://www.fleming-agri.com/catalogue-categories/agricultural/,,info@fleming-agri.com, +44 (0)28 7134 2637,,,Not Contacted,Find Contact,I think they are from ireland
,Solis,Tractors & Attachments,,Silver,https://solistractorusa.com/index.php,,"Sales Queries: sales@solistractors.com
After Sales Queries: service@solistractors.com
Spare Parts Queries: spare.parts@solistractors.com","Mobile: 762-391-7120
Office: 706-784-4349",,https://solistractorusa.com/content/sportsman/becomeadealer.php,Not Contacted,Find Contact,
,Granit Parts,Agricultural technology,,Silver,https://www.granit-parts.us/,,karriere@granit-parts.com,800 548 6633,,,Not Contacted,Find Contact,
,Maple Machinery,Agricultural Machinery Part,,Bronze,https://maple-machinery.com/agricultural-machinery/,,sales@maple-machinery.com,0086-19858305627,,,Not Contacted,Find Contact,They from china
,New Holland,Agricultural Equipment,Tractors,Gold,https://agriculture.newholland.com/en-us/nar,,,,,https://agriculture.newholland.com/en-us/nar/new-holland-world/become-a-dealer,Not Contacted,Find Contact,
,STIHL,"Mowing, Landscaping and Sawing",,Silver,https://www.stihlusa.com/en,,,,,https://support.stihl.com/en-us/write-email/?_gl=1*uwnkjb*_gcl_au*MTgxMTEzNjA1MC4xNzgzODk3NTc4*FPAU*MTgxMTEzNjA1MC4xNzgzODk3NTc4,Not Contacted,Find Contact,"NO email & phone, just contact form (not dealer form)"
,GrassHopper Mowers,Mowing,Mowers,Gold,https://www.grasshoppermower.com/,,,1-620-345-8621,,https://www.grasshoppermower.com/contact-us,Not Contacted,Find Contact,
,Toro,Landscaping Equipment,,Silver,https://www.toro.com/en,,,952-888-8801,,,Not Contacted,Find Contact,Not a lot of contact info
,Bush Hog,Tractor Attachments,,Silver,https://bushhog.com/,,info@bushhog.com,Tel: (800) 363-6096.,Call back,,Contacted,Find Contact,
,Taylor Pittsburg,Landscaping Attachments for Tractor,,Silver,http://www.taylorpittsburgh.com/index.html,,tpsales@taylorpittsburgh.com,205-487-3202,they sent us an application already ,,Contacted,Find Contact,
,Landoll,Farm Equipment,,Gold,https://landoll.com/,,landco@landoll.com,800-428-5655 785-562-5381,Sent follow up email to warranty@landoll.com,https://landoll.com/dealer-portal-account-request/,Pending Reply,Find Contact,
,GNEDI,Power equipment & farm implements,Log splitters / stump grinders,Gold,https://www.gnedi.com/,Sales Team,sales@gnedi.com,1-855-388-9848,Call back ask for zack smith ,https://www.gnedi.com/become-a-customer,Not Contacted,Send Email,Explicit B2B wholesale and dropship service for eCommerce/resellers. Source: competitor list. Confirm MAP and online-ad rules.
,Unifarm Machinery (Farm-Maxx),Tractor implements & attachments,Rotary tillers / hay equipment,Gold,https://unifarmmachinery.com/,Dealer Sales,sales@unifarm.biz,(252) 291-3997,Sent application waiting to hear back,https://unifarmmachinery.com/become-a-dealer/,Pending Reply,Send Email,True dealer application; U.S. dealer expansion and U.S.-only shipping. Found via Ripping It Outdoors / Beaver Valley.
,Baumalight,"Tractor, skid-steer & excavator attachments",Brush mulchers / stump grinders,Gold,https://baumalight.com/,Dealer Sales,sales@baumalight.com,866-820-7603,fill out application,https://baumalight.com/admin/login,Not Contacted,Send Email,Formal dealer program and dealer portal; high-ticket whole goods. Found via Ripping It Outdoors. Confirm dropship tier and MAP.
,Danuser,Agricultural & industrial attachments,Post drivers / auger systems,Silver,https://www.danuser.com/,Sales Team,sales@danuser.com,(573) 642-2246,,https://www.danuser.com/our-company/contact-us,Not Contacted,Send Email,"Contact form, not a public dealer application. Found via Ripping It Outdoors / Beaver Valley; ask about online-only dealer eligibility."
,HLA Attachments,"Loader, tractor & skid-steer attachments",Grapples / buckets,Silver,https://hlaattachments.com/,Dealer Sales,,(866) 567-4162,,https://hlaattachments.com/contact.php,Not Contacted,Find Contact,Contact form only; dealer portal registration requires an existing account. Found via Ripping It Outdoors.
,Worksaver,Tractor & skid-steer attachments,Grapples / post drivers,Silver,https://www.worksaver.com/,Distributor Sales,,(217) 324-5973,,https://www.worksaver.com/contact-us,Not Contacted,Find Contact,Sells through authorized dealers served by wholesale distributors. Ask for the correct distributor and online eligibility. Found via Beaver Valley.
,Tar River Manufacturing,Tractor implements,Mowers / tillers,Silver,https://tarrivermfg.com/,Sales Team,sales@tarrivermfg.com,252-822-7140,,https://tarrivermfg.com/contact,Not Contacted,Send Email,Dealer network; no public new-dealer application found. Found via Beaver Valley. Ask about direct fulfillment and MAP.
,Maschio Gaspardo North America,Agricultural equipment,Tillage / hay equipment,Silver,https://www.maschiogaspardo.com/en_us/,North America Sales,info@maschiogaspardo.com,+1 563-659-6400,,https://www.maschiogaspardo.com/en_us/contact-us,Not Contacted,Send Email,High-ticket equipment; contact route rather than a U.S. public dealer form. Found via Ripping It Outdoors / Beaver Valley.
,Pequea Machine,Hay equipment & farm trailers,Tedders / spreaders,Silver,https://www.pequea.com/,Dealer Sales,,717-354-4343,,https://www.pequea.com/dealercontact/,Not Contacted,Find Contact,Dealer-led manufacturer; no public new-dealer application found. Found via AG Industrial. Confirm online-only eligibility.
,MK Martin,Farm & tractor attachments,Rotary cutters / snow and grading tools,Silver,https://www.mkmartin.ca/,USA Sales,sales@mkmartin.ca,1-855-664-2752,,https://www.mkmartin.ca/en/contact,Not Contacted,Send Email,Canadian manufacturer with USA sales coverage; contact form only. Found via Beaver Valley. Confirm U.S. dropship terms.
,Bush-Whacker,Rotary cutters & mowers,Flex-wing rotary cutters,Gold,https://bush-whacker.com/,Dealer Sales,,501-945-7550,,https://bush-whacker.com/support/become-a-dealer/,Not Contacted,Find Contact,True dealer application and high-ticket product line. Found via Ripping It Outdoors. Ask about online-only and direct freight.
,Powder River,Livestock handling equipment,Cattle chutes / working systems,Gold,https://powderriver.com/,Dealer Sales,,800-453-5318,,https://powderriver.com/become-a-dealer,Not Contacted,Find Contact,True dealer application; direct shipping is offered when customers lack a nearby dealer. Confirm online retail rules.
,RhinoAg,Agricultural implements,Rotary cutters / flex-wing mowers,Gold,https://www.rhinoag.com/,Wholegoods Sales,,(800) 304-2851,,https://www.rhinoag.com/become-a-dealer/,Not Contacted,Find Contact,Public preliminary dealer application and high-ticket implements. Found via farm-equipment competitor research.
,Tru-Test / Datamars Livestock,Livestock weighing & identification,S3 indicator + HD5T load bars,Gold,https://us.tru-test.com/,Retail Distribution & Dealer Sales,customerservice@datamars.com,(800) 433-3112,,https://us.livestock.datamars.com/contact/product-support,Not Contacted,Send Email,"Contact routing explicitly includes dealer/reseller/online shop. Found via American Grazing Lands; observed bundle price about $2,969."
,Gallagher Animal Management,"Fencing, weighing & animal management",Electric fencing / weighing systems,Gold,https://am.gallagher.com/en-US/,Dealer Sales,,800-531-5908,,https://am.gallagher.com/en-US/Support/Become-a-Gallagher-Dealer,Not Contacted,Find Contact,"True distributor/dealer inquiry. Found via American Grazing Lands. Confirm online retail, freight and MAP terms."
,K-Line Irrigation North America,Pasture irrigation,Farm Pack irrigation systems,Silver,https://k-linena.com/,Dealer Sales,info@k-linena.com,1-866-665-5463,,https://k-linena.com/dealer-inquiry,Not Contacted,Send Email,"Dealer inquiry route and established irrigation dealer network. Found via American Grazing Lands; project AOV can exceed $1,000."
,Stay-Tuff Fence,Agricultural fencing,High-tensile field fence systems,Silver,https://staytuff.com/,Dealer Sales,info@mcswusa.com,1-888-223-8322,,https://staytufffence.com/dealers/,Not Contacted,Send Email,"Authorized dealer program with application. Found via American Grazing Lands; full-project AOV is high, though many single SKUs are sub-$1,000."
,Bootstrap Farmer,High tunnels & greenhouse supplies,Greenhouse / high-tunnel kits,Silver,https://www.bootstrapfarmer.com/,Distributor Inquiries,contact@bootstrapfarmer.com,(888) 406-1982,,https://www.bootstrapfarmer.com/pages/international-retail-locations,Not Contacted,Send Email,Official page invites distributor inquiries by email. Competitor-list lead; confirm U.S. direct fulfillment and MAP because many accessories are low-ticket.
,Rimol Greenhouse Systems,Commercial greenhouses,Nor'Easter / Matterhorn structures,Gold,https://rimol.com/,Distributor Sales,sales@rimol.com,(603) 629-9004,,https://rimol.com/customer-success/faqs/,Not Contacted,Send Email,Official FAQ says distributors are wanted in several U.S. regions. High-ticket commercial systems; confirm territory and online-sales rules.
,Atlas Greenhouse,Commercial greenhouse structures,Commercial greenhouse systems,Silver,https://atlasgreenhouse.com/,Sales Team,sales@atlasgreenhouse.com,(800) 346-9902,,https://atlasgreenhouse.com/get-a-quote/,Not Contacted,Send Email,Quote form includes dealer/installer/contractor routing; not a public dealer application. Greenhouse competitor research lead.
,GrowSpan,Commercial greenhouse structures,Greenhouses / high tunnels,Silver,https://www.growspan.com/,Greenhouse Specialists,info@growspan.com,(877) 835-9996,,https://www.growspan.com/contact-us/,Not Contacted,Send Email,High-ticket structures; public contact form but no dealer application found. Found via FarmTek/greenhouse competitor research.
,Carry-On Trailer,Utility & equipment trailers,Utility / equipment trailers,Gold,https://www.carry-ontrailer.com/,Dealer Development,customerservice@carry-ontrailer.com,1-800-240-3121,,https://www.carry-ontrailer.com/dealer-inquiry/,Not Contacted,Send Email,Established-dealer inquiry and high-ticket trailers. Competitor-list lead; confirm eCommerce and customer-direct freight.
,Sure-Trac,"Utility, dump & equipment trailers",Dump / equipment trailers,Gold,https://sure-trac.com/,Dealer Sales,,800-372-1755,,https://sure-trac.com/become-a-dealer/,Not Contacted,Find Contact,True dealer application; sales run through authorized dealer network. Confirm online-only qualification and territory.
,Big Tex Trailers,"Utility, equipment & gooseneck trailers",Gooseneck / equipment trailers,Silver,https://www.bigtextrailers.com/,Dealer Development,,903-575-0300,,https://www.bigtextrailers.com/become-a-dealer/,Not Contacted,Find Contact,"True dealer request and high-ticket products, but large national network may be competitive. Confirm territory and online-only eligibility."
,Blue Diamond Attachments,"Skid-steer, tractor & excavator attachments",Heavy-duty brush cutters / grapples,Gold,https://www.bluediamondattachments.com/,Dealer Support,dealersupport@bdattachments.com,888-376-7027,,https://www.bluediamondattachments.com/uploads/documents/BDA-Dealer-Application-Form-091825.pdf,Not Contacted,Send Email,"Formal dealer application and high-ticket agricultural/land-clearing attachments. Confirm online-only eligibility, MAP, direct freight and blind-shipping terms."
,CID Attachments,"Skid-steer, tractor & loader attachments",X-treme brush cutters / grapples,Gold,https://cidattachments.com/,North Carolina Sales,ncsalesteam@cidattachments.com,336-859-2002,,https://cidattachments.com/become-a-dealer/,Not Contacted,Send Email,"Public dealer application; broad high-ticket cutter, grapple and land-working lineup. Confirm eCommerce, MAP and customer-direct freight."
,Virnig Manufacturing,Skid-steer & compact-tractor attachments,V50 rotary brush cutter / root rake grapple,Gold,https://www.virnigmfg.com/,Attachment Sales,attachments@virnigmfg.com,800-648-2408,,https://www.virnigmfg.com/become-a-dealer/,Not Contacted,Send Email,"Sells through independent dealers and publishes a dealer application. Strong fit for brush cutting, grapples and land management; confirm online retail rules."
,Jenkins Iron & Steel,Skid-steer & tractor attachments,Brush cutters / grapple buckets,Silver,https://jenkinsironandsteel.com/,Sales Team,info@jenkinsiron.com,855-732-3843,,https://jenkinsironandsteel.com/contact/,Not Contacted,Send Email,Established dealer-carried U.S. attachment manufacturer; public contact route rather than a clear new-dealer application. Ask about online-only dealer access and freight.
,Erskine Attachments,"Skid-steer, tractor & loader attachments",Rotary cutters / soil conditioners,Gold,https://erskineattachments.com/,Dealer Development,,800-437-6912,,https://erskineattachments.com/become-a-dealer,Not Contacted,Find Contact,"Explicit Become a Dealer program with high-ticket attachment lines. Published floor-plan terms reference OEM/franchise dealers, so verify whether an online-only store qualifies."
,Paladin Attachments,"Loader, skid-steer & excavator attachments",Bradco cutters / Harley power rakes,Silver,https://www.paladinattachments.com/en,Sales Routing,,833-723-1843,,https://www.paladinattachments.com/en/contact-us,Not Contacted,Find Contact,"Large dealer-led attachment group with agriculture-relevant Bradco, McMillen and Harley lines. Contact route only; ask for new-dealer requirements and online sales policy."
,Precision Manufacturing (Tri-L),Skid-steer & tractor land-clearing attachments,Tree Puller 537 / grapple rake,Gold,https://precisionmfg.com/,Dealer Sales,info@precisionmfg.com,417-581-8999,,https://precisionmfg.com/contact/,Not Contacted,Send Email,"Official FAQ invites reputable equipment dealers and ships through common carrier to all 50 states. Confirm dropship, MAP and dealer pricing."
,Dirt Dog Manufacturing,Tractor implements & skid-steer attachments,Rotary cutters / box blades,Silver,https://www.dirtdogmfg.com/,Dealer Sales,info@dirtdogmfg.com,833-600-5821,,https://www.dirtdogmfg.com/contact-us/,Not Contacted,Send Email,"Dealer-network manufacturer with more than 100 equipment variations. No public application located; request online dealer eligibility, wholesale terms and direct freight."
,Tarter USA,"Livestock, fencing & tractor implements",Cattle chutes / rotary cutters,Silver,https://tarterusa.com/,Dealer Services,webcontact@tarterusa.com,800-733-4283,,https://tarterusa.com/contact/,Not Contacted,Send Email,"Major U.S. farm-and-ranch manufacturer covering livestock systems, stalls, fencing and implements. Contact Dealer Services; confirm territory, minimums and eCommerce restrictions."
,IronCraft,Tractor implements & skid-steer attachments,Flex-wing cutters / box blades,Gold,https://www.ironcraftusa.com/,Dealer Sales,sales@ironcraftco.com,423-405-5150,,https://www.ironcraftusa.com/dealer-application-2/,Not Contacted,Send Email,"True dealer application and strong category match across mowers, tillers, grading and skid-steer tools. Confirm MAP, inventory requirements and direct-to-customer freight."
,BEFCO,"Tractor-mounted mowing, tillage & grading equipment",Rotary tillers / flail mowers,Gold,https://befco.com/,Sales Department,,252-977-9920,,https://befco.com/become-a-dealer/,Not Contacted,Find Contact,"Public authorized-dealer form and established U.S. manufacturing. Excellent fit for tillers, mowers and grading tools; verify online-only and dropship eligibility."
,Woods Equipment,Agricultural tractor attachments,Batwing cutters / grading scrapers,Gold,https://woodsequipment.com/,Dealer Services,woodsinfo@oregontool.com,800-319-6637,,https://woodsequipment.com/contact/,Not Contacted,Send Email,"Contact form explicitly includes New Dealer Inquiry. High-ticket cutters and dirt-working tools; confirm territory, MAP and whether customer-direct freight is allowed."
,Land Pride,Tractor implements & seeders,Rotary cutters / no-till seeders,Gold,https://www.landpride.com/,Dealer Development,,785-823-3276,,https://forms.landpride.com/contact/landpride/become-dealer,Not Contacted,Find Contact,Formal dealer application and very broad farm/homestead catalog. Strong supplier but likely territory/service requirements; confirm online-only qualification.
,Del Morino,"Tractor mowing, tillage & landscaping implements",Centurion flail mowers / rotary tillers,Bronze,https://delmorino.it/en/,Export Sales,info@delmorino.it,+39 0575 791059,,https://delmorino.it/en/,Not Contacted,Send Email,"Italian manufacturer distributed in the U.S. through regional wholesalers. Ask for the correct U.S. distributor, online dealer access, spare-parts support and freight terms."
,Wallenstein Equipment,Tractor forestry & land-management equipment,BX wood chippers / stump grinders,Gold,https://www.wallensteinequipment.com/,Dealer Sales,sales@wallensteinequipment.com,877-695-9283,,https://www.wallensteinequipment.com/us/en/dealer-application.aspx,Not Contacted,Send Email,Public U.S. dealer application and high-ticket property-maintenance equipment. Confirm which product lines may be sold online and shipped direct.
,Diamond Mowers,"Skid-steer, excavator & tractor mowing attachments",Disc mulchers / brush cutters,Gold,https://diamondmowers.com/,Dealer Development,hello@diamondmowers.com,605-977-3300,,https://diamondmowers.com/dealers/,Not Contacted,Send Email,"Formal dealer application for premium brush-cutting and mulching attachments. High AOV; confirm territory, stocking expectations, MAP and freight."
,Brown Manufacturing Corporation,Rotary cutters & land preparation equipment,800 Series cutters / disc harrows,Silver,https://www.brownmfgcorp.com/,Sales Team,,800-633-8909,,https://www.brownmfgcorp.com/,Not Contacted,Find Contact,High-ticket rotary cutters and disc harrows sold through equipment dealers. No public new-dealer form found; call for dealer development and online sales policy.
,Brush Wolf,Hydraulic brush cutters,ALPHA XP / 72 M-AX cutters,Gold,https://www.brushwolf.com/,Dealer Sales,sales@brushwolf.com,877-390-9857,,https://www.brushwolf.com/become-a-dealer/,Not Contacted,Send Email,Dealer page provides credit application and W-9 workflow. Premium skid-steer brush cutters fit the catalog; confirm MAP and direct freight.
,Belltec Industries,"Post-hole diggers, augers & post drivers",TM48 digger / hydraulic auger drives,Silver,https://belltec.net/,Sales Team,,800-242-9410,,https://belltec.net/contact/,Not Contacted,Find Contact,"Dealer-network manufacturer with high-ticket fencing and post-equipment products. Contact form only; ask about new-dealer onboarding, dropship and freight."
,Lowe Manufacturing,"Augers, trenchers & grapples",SK250 auger / XR trencher,Gold,https://www.loweman.com/,Sales Orders,lowesalesorders@loweman.com,800-356-9180,,https://www.loweman.com/contact,Not Contacted,Send Email,Site includes New Dealer Registration and states parent Berlon sells through agriculture dealers and online retailers. Strong fit; confirm direct shipping and MAP.
,Stinger Attachments,Skid-steer & tractor attachments,Brush cutters / grapple buckets,Gold,https://stingerattachments.com/,Dealer Development,orders@stingerattachments.com,507-416-7956,,https://stingerattachments.com/become-a-stinger-attachments-dealer/,Not Contacted,Send Email,"Public dealer-interest form and direct-order attachment catalog. Confirm dealer discounts, MAP, freight and whether orders can ship blind to customers."
,Esch Manufacturing,No-till drills & planting equipment,5612 / 5615 no-till drills,Silver,https://eschmanufacturing.com/,Sales Team,,717-397-1051,,https://eschmanufacturing.com/contact-us/,Not Contacted,Find Contact,High-ticket U.S.-made no-till drills with clear market pricing and active dealer sales. No public dealer application found; ask about territory and online fulfillment.
,Truax Company,Seed drills & conservation planting equipment,FLEXII no-till drills,Silver,https://www.truaxcomp.com/,James Truax,james@truaxcompany.com,763-537-6639,,https://www.truaxcomp.com/,Not Contacted,Send Email,"Specialized, high-ticket drills for grasses, grains and conservation seeding. Direct manufacturer contact; verify dealer program, freight, product data and online sales rights."
,RTP Outdoors,No-till food-plot & small-farm drills,Genesis 3 / Genesis 5 drills,Gold,https://www.rtpoutdoors.com/,Dealer Sales,sales@rtpoutdoors.com,636-825-8300,,https://www.rtpoutdoors.com/pages/dealers,Not Contacted,Send Email,"Official page invites authorized dealer applications. Genesis drills commonly sell above $10,000; confirm MAP, protected territory and direct freight."
,FIMCO Industries,Agricultural & UTV sprayers,Large 3-point / trailer sprayers,Silver,https://www.fimcoindustries.com/,Account Sales,info@fimcoindustries.com,800-831-0027,,https://www.fimcoindustries.com/contact/,Not Contacted,Send Email,"Large U.S. sprayer manufacturer with dealer locator and account inquiries. Focus on $1,000+ systems; confirm wholesale account, MAP and direct shipping."
,Enduraplas,"UTV sprayers, liquid storage & transfer systems",Gold Series sprayers / large tanks,Silver,https://www.enduraplas.com/,Dealer Sales,,877-265-9929,,https://www.enduraplas.com/,Not Contacted,Find Contact,"Manufacturer sells through a North American dealer network and has high-ticket spraying/storage systems. Ask for dealer application, eCommerce rules and direct freight."
,Demco Products,Agricultural application equipment,Pro Series / 3-point sprayers,Silver,https://www.demco-products.com/,Agricultural Sales,sales@demco-products.com,712-725-2311,,https://www.demco-products.com/about-demco/contact-demco,Not Contacted,Send Email,Established dealer-carried sprayer manufacturer with high-ticket application equipment. Contact route only; confirm new-dealer and online fulfillment policies.
,Ag Spray Equipment,Agricultural sprayers & liquid handling,3-point / pull-type sprayers,Gold,https://www.agspray.com/,Dealer Accounts,northsioux@agspray.com,605-232-6800,,https://www.agspray.com/account/setup/,Not Contacted,Send Email,"Account setup page provides a dealer-application workflow. Strong fit for sprayers; confirm whether it is a reseller account, MAP, and blind/customer-direct shipping."
,CropCare Equipment,Small-to-midsize agricultural sprayers,Trailer / 3-point sprayers,Gold,https://cropcareequipment.com/,Dealer Development,info@cropcareequipment.com,717-738-7365,,https://cropcareequipment.com/about/become-a-dealer/,Not Contacted,Send Email,"Actively recruiting North American dealers and publishes a dealer form. Excellent match for the sprayer category; confirm AOV, MAP and freight fulfillment."
,PBM Supply & Manufacturing,"Agricultural, orchard & turf sprayers",Custom ag / orchard sprayers,Gold,https://www.pbmsprayers.com/,Dealer Sales,pbm@pbmsprayers.com,800-688-1334,,https://www.pbmsprayers.com/become-a-dealer/,Not Contacted,Send Email,"Public Become a Dealer route and U.S. manufacturing/custom-build capability. Confirm online dealer terms, MAP and shipping coverage."
,Wylie Sprayers,Agricultural sprayers & application equipment,Pull-type field sprayers,Silver,https://wyliesprayers.com/,Corporate Sales,,888-788-7753,,https://wyliesprayers.com/contact/,Not Contacted,Find Contact,High-ticket sprayer manufacturer with extensive regional network. No public dealer application found; ask corporate sales about reseller territory and direct freight.
,Sprayer Specialties,Agricultural sprayers & liquid-transfer equipment,Custom 3-point / pull-type sprayers,Silver,https://sprayers.com/,Custom Build Sales,info@sprayers.com,800-351-1587,,https://sprayers.com/contact/,Not Contacted,Send Email,"Top distributor and in-house custom sprayer builder; states it sells wholesale goods nationwide. Ask about reseller pricing, blind shipping and complete-system product feeds."
,Farmers Friend,High tunnels & market-farm equipment,Haven / Guardian high tunnels,Silver,https://www.farmersfriend.com/,Customer Sales,support@farmersfriend.com,931-583-0397,,https://www.farmersfriend.com/support/help-center,Not Contacted,Send Email,"Direct high-tunnel brand already represented in the 75-product catalog. No public reseller program found; ask about wholesale authorization, product feeds and direct fulfillment."
,Planta Greenhouses,Polycarbonate greenhouse kits,Alpine 50 / Sungrow 26,Gold,https://plantagreenhouses.com/,Reseller Team,info@plantagreenhouses.com,877-669-1286,,https://plantagreenhouses.com/pages/become-a-reseller,Not Contacted,Send Email,"Official reseller program and multiple high-ticket greenhouse kits already validated in the catalog. Confirm MAP, reseller discount, content rights and freight."
,Poly-Tex,Commercial greenhouses & high tunnels,Commercial high tunnels / greenhouse systems,Silver,https://www.poly-tex.com/,Sales Team,info@poly-tex.com,800-852-3443,,https://www.poly-tex.com/,Not Contacted,Send Email,"U.S. manufacturer of commercial structures, high tunnels and greenhouse systems. Contact sales for dealer/reseller access, direct freight and online advertising terms."
,Nifty Hoops,NRCS high tunnels & hoop houses,30-foot Gothic high tunnel,Silver,https://www.niftyhoops.com/,High Tunnel Sales,,734-845-0079,,https://www.niftyhoops.com/contact/quote,Not Contacted,Find Contact,U.S.-wide delivery/installation and strong NRCS positioning. Primarily direct/turnkey; ask whether DIY kits can be resold online and shipped direct.
,Zimmerman's High Tunnels,High tunnels & greenhouses,NRCS high-tunnel kits,Silver,https://zimmermanshightunnels.com/,Dan Zimmerman,greenhousedan7@gmail.com,414-916-9876,,https://zimmermanshightunnels.com/index.php/contact-us/,Not Contacted,Send Email,"Specialized high-tunnel manufacturer with direct published contact. Ask about dealer pricing, U.S. shipping, kit content rights and lead times."
,Ledgewood Farm Greenhouse Frames,Pipe-frame greenhouses & high tunnels,Custom greenhouse / high-tunnel frames,Silver,https://www.ledgewoodfarm.com/,Ed Person,ed@ledgewoodfarm.com,603-476-8829,,https://www.ledgewoodfarm.com/,Not Contacted,Send Email,"Manufacturer and 2026 NRCS-approved vendor with current pricing. Regional operation; confirm reseller authorization, territory, fulfillment range and freight."
,Tunnel Vision Hoops,DIY greenhouses & high tunnels,Peaked / round high-tunnel kits,Silver,https://www.tunnelvisionhoops.com/,Structure Sales,,833-886-6351,,https://www.tunnelvisionhoops.com/contact-us/,Not Contacted,Find Contact,"Manufactures to order and ships DIY kits throughout the U.S. Strong catalog fit; ask about wholesale pricing, blind freight and online resale rights."
,Priefert,"Livestock handling, stalls & ranch equipment",Squeeze chutes / sweep systems,Gold,https://www.priefert.com/,New Dealer Team,,800-527-8616,Yogi embrano 903-575-7187 1 day follow up,https://www.priefert.com/dealer-locator/become-a-dealer,Not Contacted,Find Contact,"Public new-dealer inquiry and a broad high-ticket cattle/equine catalog. Confirm territory, stocking minimums, online-only eligibility and freight."
,Arrowquip,Cattle handling systems,Q-Catch / Powerlock cattle systems,Gold,https://arrowquip.com/,Dealer Development,cs@arrowquip.com,866-383-7827,Producer,https://arrowquip.com/become-dealer,Not Contacted,Send Email,"Formal dealer application with protected territories, marketing support and financing. High-value cattle systems; verify eCommerce and lead-routing rules."
,Real Tuff Livestock Equipment,Cattle handling & portable corrals,Squeeze chutes / portable systems,Gold,https://www.realtuff.com/,Dealer Sales,dahlberg@realtuff.com,800-474-6016,BRO ALSO SAID NO,https://www.realtuff.com/equipment-dealers/,Not Contacted,Send Email,Official dealer recruitment and direct-to-door capability when no local dealer exists. Strong high-ticket fit; confirm online dealership and MAP terms.
,For-Most Livestock Equipment,Cattle handling equipment,Squeeze chutes / tubs and alleys,Silver,https://www.for-most.com/,Sales Team,sales@for-most.com,800-845-6103,BRO SAID NO,https://www.for-most.com/contact/,Not Contacted,Send Email,"Long-established dealer-carried cattle equipment manufacturer. No public dealer application located; request new-dealer terms, online rights and direct freight."
,Sioux Steel,"Livestock equipment, farm storage & Koyker loaders",Livestock systems / feeders,Gold,https://www.siouxsteel.com/,Dealer Development,,800-557-4689,618-534-7374 teritory manager caLL TOMMOROW,https://www.siouxsteel.com/get-in-touch/become-a-dealer,Not Contacted,Find Contact,Structured dealer inquiry plus credit-application onboarding. Broad farm/ranch product coverage; confirm which lines support online retail and dropship freight.
,W-W Livestock Systems,"Cattle, equine & rodeo equipment",Squeeze chutes / portable corrals,Gold,https://www.wwmanufacturing.com/,Dealer Sales,wwsales@wwmanufacturing.com,800-999-1214,left a message call back tommorow,https://www.wwmanufacturing.com/pages/become-a-dealer,Not Contacted,Send Email,"Official site includes a Become a Dealer route and high-ticket livestock systems. Confirm eCommerce authorization, territory and freight process."
,Lakeland Farm & Ranch Direct,"Cattle, sheep, goat & equine systems",Easy Catch systems / horse stalls,Gold,https://lakelandfarmandranch.com/,Partner Program,info@lakelandfarmandranch.com,866-443-7444,gonna call nack tomorow general manager not in,https://lakelandfarmandranch.com/,Not Contacted,Send Email,"Active partner program for stocking and non-stocking retailers plus farm-direct delivery and free shipping over $2,000. Excellent online-fit lead; confirm U.S. terms."
,Hi-Hog Farm & Ranch Equipment,Livestock handling & feeding systems,Cattle handling systems / squeeze chutes,Silver,https://www.hi-hog.com/,Dealer Support,salesinfo@hi-hog.com,800-661-7002,Call back next year they are behind on orders hella,https://www.hi-hog.com/contact-hi-hog/contact-us/,Not Contacted,Send Email,"North American dealer network and high-ticket system design. Canadian manufacturer; confirm U.S. wholesale pricing, territory, duties and direct freight."
,Titan West,Livestock handling & portable corrals,Portable O.K. Corral,Silver,https://www.titanwestinc.com/,Dealer Sales,admin@titanwestinc.com,800-252-0847,,https://www.titanwestinc.com/,Not Contacted,Send Email,"Growing network of more than 100 dealers and high-ticket portable corrals. Contact sales for new-dealer terms, territory and direct freight policy."
,Pearson Livestock Equipment,Cattle & bison handling equipment,Hydraulic chutes / handling systems,Silver,https://pearsonlivestockequipment.com/,Sales Team,info@pearsonlivestockeq.com,940-553-1310,getting a call back from sales rep,https://pearsonlivestockequipment.com/contact/,Not Contacted,Send Email,"Dealer-carried high-ticket cattle systems with direct manufacturer contact. Ask about dealership openings, eCommerce eligibility, pricing and freight."
,Daniels Manufacturing,Livestock handling equipment,Squeeze chutes / portable alleys,Silver,https://www.danielsmfg.com/,Sales Team,daniels@danielsmfg.com,800-736-0776,teri@danielsmfg.com sent her some shit kinda a bitch she'll 'look at it',https://www.danielsmfg.com/,Not Contacted,Send Email,"U.S. cattle-equipment manufacturer with nationwide/international dealer sales. Direct contact only; confirm dealer program, MAP and customer-direct delivery."
,Linn Post & Pipe,Livestock equipment & continuous fencing,Portable corrals / continuous fence systems,Gold,https://linnpost.com/,Vendor Development,,800-526-0993,cool guy but owner is out on vacation we applies tho. Follow up to see if he got the application,https://linnpost.com/new-vendor-form/,Not Contacted,Find Contact,"New Vendor sign-up plus broad livestock/fencing catalog, including products and systems above $1,000. Confirm online resale and freight terms."
,MJE Livestock Equipment,Modular livestock handling & fencing,CattleLine systems / portable corrals,Gold,https://mjelivestockequipment.com/,Dealer Development,,620-846-6767,Waiting for an email back he's gonna giev us next steps,https://mjelivestockequipment.com/mje-livestock-equipment-dealer/become-a-dealer/,Not Contacted,Find Contact,"Multi-step authorized-dealer program with territory review and onboarding. Strong high-ticket fit; confirm online-only, lead routing and freight."
,Nelson Irrigation,Agricultural sprinklers & irrigation controls,Big Gun systems / irrigation packages,Silver,https://nelsonirrigation.com/,Territory Sales,info@nelsonirrigation.com,509-525-7660,no answer,https://nelsonirrigation.com/contact/,Not Contacted,Send Email,Established agricultural dealer network and scalable pasture/field irrigation systems. Individual components may be low-ticket; target complete-system projects and dealer access.
,Hunter Agricultural Irrigation (Senninger),Agricultural irrigation systems,Senninger sprinkler / regulator systems,Silver,https://agriculture.hunterirrigation.com/,Distributor Support,,407-877-5655,No answer,https://agriculture.hunterirrigation.com/Contact-Us,Not Contacted,Find Contact,Supports a global authorized-distributor network. Target complete farm systems rather than single components; ask about U.S. distributor onboarding and online sales.
,Micro Rain,Traveling irrigation reels,MR43 / MR50 travelers,Silver,https://www.microrain.net/,Sales Team,scott@knutsonirrigation.com,800-373-9325,got an email,https://www.microrain.net/contact-us,Not Contacted,Find Contact,"Portable irrigation reels commonly sell from roughly $5,000 to $12,000 and fit small acreage. Dealer login exists; request dealer onboarding, MAP and direct shipping."
,Bekaert Fencing,Agricultural woven-wire & high-tensile fencing,Fixed-knot / field-fence systems,Gold,https://fencing.bekaert.com/en,Fence Pros / Dealer Team,,800-241-4126,No answer,https://fencing.bekaert.com/en/contact-us,Not Contacted,Find Contact,"Official contact form includes Become a Dealer inquiry. Full-project AOV is high although rolls may be sub-$1,000; confirm dealer minimums and freight."
,Timeless Fence System,Electric fencing posts & systems,Authorized reseller fence systems,Gold,https://timelessfencesystem.com/,Regional Account Team,info@plastic-innovation.com,800-788-4709,not the play ned upfront order,https://timelessfencesystem.com/authorized-reseller-ar-information/,Not Contacted,Send Email,"Purpose-built authorized reseller program for farmers, ranchers and homesteaders. Strong niche match; confirm online selling rules, territory and system-level margins."
,Pasture Management,"Agricultural fencing, gates & livestock equipment",Complete farm-fence packages,Gold,https://pasturemgmt.com/,Dealer Development,,,,https://pasturemgmt.com/about/become-a-dealer,Not Contacted,Find Contact,"Public dealer application and one-stop assortment across wire, posts, electric fencing, gates and livestock equipment. Confirm online-only and freight eligibility."
,Gripple,Agricultural fencing connectors & tensioning systems,Fence tensioning / bracing systems,Gold,https://www.gripple.com/us/,Distributor Support,contactinc@gripple.com,630-406-0600,took my info and is gonna reach out,https://www.gripple.com/us/support/become-a-gripple-stockist/,Not Contacted,Send Email,"Formal U.S. distributor/stockist application and agricultural partner support. Project AOV can be high; confirm online distribution, minimums and MAP."
,Powerfields,Electric fencing & farm-ranch supplies,Safe-Fence / energizer systems,Gold,https://powerfields.com/,Dealer Sales,info@powerfields.com,800-843-3702,gonna get back to us ASAP,https://powerfields.com/become-a-dealer,Not Contacted,Send Email,"Official Become a Dealer route and broad electric-fence system catalog. Confirm project-level margins, online resale, MAP and fulfillment."
,Centaur HTP Fencing,Horse & livestock fencing systems,HTP rail / coated-wire systems,Gold,https://centaurhorsefence.com/,Dealer Development,info@centaurhtp.com,800-348-7787,Application done,https://centaurhorsefence.com/become-a-dealer/,Not Contacted,Send Email,"Official dealer program and direct availability for premium full-fence projects. Strong system AOV; confirm online territory, freight and installation expectations."
,Powerflex Fence,"Electric fencing, grazing & water infrastructure",Complete electric-fence / water systems,Gold,https://powerflexfence.com/,Dealer Program,dealers@powerflexfence.com,888-251-3934,voicemail,https://powerflexfence.com/pages/become-a-partner,Not Contacted,Send Email,"Active dealer/partner program for fencing and grazing systems, with stated dealer email. Strong homestead fit; confirm online rights, margins, MAP and fulfillment."
,,,,,,,,,,,,,
,,,,,,,,,,,,,
,,,,,,,,,,,,,
,,,,,,,,,completed actions working with them,,,,
,,,,,,,,,more action needed,,,,
,,,,,,,,,dont call or didnt work,,,,